name,iters,ns,cpu-ns,profiles,profile-bytes,concurrency
cgo,995,20029493869,20045136000,none,0,1
cgo,995,20030335962,20045781000,none,0,1
cgo,995,20029036682,20045789000,none,0,1
cgo,995,20029035696,20044252000,none,0,1
cgo,995,20028621528,20044669000,none,0,1
cgo,995,20028584660,20043907000,none,0,1
cgo,995,20029572812,20043957000,none,0,1
cgo,995,20029194179,20044973000,none,0,1
cgo,995,20030704481,20046621000,none,0,1
cgo,995,20028907877,20044082000,none,0,1
cgo,7957,160194887585,160304806000,none,0,8
cgo,7957,160219800174,160337441000,none,0,8
cgo,7951,160078728184,160192122000,none,0,8
cgo,7959,160235438154,160346474000,none,0,8
cgo,7959,160231896127,160327695000,none,0,8
cgo,7959,160239567535,160343556000,none,0,8
cgo,7959,160242094813,160344119000,none,0,8
cgo,7958,160229145382,160337138000,none,0,8
cgo,7959,160235141504,160342561000,none,0,8
cgo,7959,160246837722,160359017000,none,0,8
cgo,994,20015397833,20039083000,cpu,713,1
cgo,994,20014835342,20038952000,cpu,1025,1
cgo,994,20014954371,20039093000,cpu,1035,1
cgo,994,20014050854,20037416000,cpu,716,1
cgo,994,20015024909,20038706000,cpu,1026,1
cgo,994,20016084468,20040010000,cpu,714,1
cgo,994,20015169692,20040061000,cpu,1032,1
cgo,994,20014542364,20038350000,cpu,1025,1
cgo,994,20016064686,20040651000,cpu,713,1
cgo,994,20014132917,20037835000,cpu,1024,1
cgo,7943,160078693723,160192566000,cpu,1141,8
cgo,7944,160094162178,160211085000,cpu,717,8
cgo,7942,160080243068,160199522000,cpu,719,8
cgo,7943,160070571842,160184788000,cpu,1132,8
cgo,7943,160068829468,160182026000,cpu,720,8
cgo,7943,160087145882,160192134000,cpu,721,8
cgo,7943,160062721342,160164948000,cpu,718,8
cgo,7944,160101069791,160225075000,cpu,721,8
cgo,7944,160087921916,160199016000,cpu,743,8
cgo,7943,160076710650,160199888000,cpu,1114,8
http,352911,19967023515,41318534000,none,0,1
http,351760,19968058395,41404032000,none,0,1
http,352636,19966992923,41180398000,none,0,1
http,350129,19967190326,41134458000,none,0,1
http,351235,19966969838,41141314000,none,0,1
http,348856,19966911180,41208744000,none,0,1
http,349365,19966921836,41155607000,none,0,1
http,346623,19967836171,41184317000,none,0,1
http,347868,19966905920,41248679000,none,0,1
http,348449,19967172792,41094771000,none,0,1
http,895168,159855458953,196838087000,none,0,8
http,891976,159853420029,196454152000,none,0,8
http,897595,159847092610,197405109000,none,0,8
http,891654,159851211623,197392684000,none,0,8
http,889640,159850779021,197145376000,none,0,8
http,889049,159857801690,196871432000,none,0,8
http,870150,159848364808,196054259000,none,0,8
http,889582,159852760251,196734482000,none,0,8
http,836841,159863097165,194537551000,none,0,8
http,892485,159857714789,197098240000,none,0,8
http,341206,19968284171,41708711000,cpu,45803,1
http,341464,19967774441,41737263000,cpu,45442,1
http,340517,19967549970,41617963000,cpu,46462,1
http,341245,19966395973,41704988000,cpu,45951,1
http,340295,19967678684,41729441000,cpu,47258,1
http,339424,19968404542,41669148000,cpu,46591,1
http,342191,19967916053,41489057000,cpu,46510,1
http,340240,19967327237,41490396000,cpu,45568,1
http,340282,19968282032,41607817000,cpu,47115,1
http,340173,19967527977,41585694000,cpu,45891,1
http,908993,159861630023,220569322000,cpu,129776,8
http,905189,159855745193,220881852000,cpu,127109,8
http,923329,159857201866,223256820000,cpu,129234,8
http,919820,159854744481,222542741000,cpu,128089,8
http,913908,159865613406,221071164000,cpu,129141,8
http,913041,159862905651,223660981000,cpu,127282,8
http,903991,159860256314,221252812000,cpu,127464,8
http,909100,159856645248,220408213000,cpu,129140,8
http,920764,159851373039,223400320000,cpu,131576,8
http,930855,159851107276,225451410000,cpu,130071,8
json,6861,20001055978,24720718000,none,0,1
json,6838,19999442302,24767085000,none,0,1
json,6859,20002065098,24743033000,none,0,1
json,6859,19999521927,24704878000,none,0,1
json,6855,20001095940,24786076000,none,0,1
json,6863,20001943933,24799327000,none,0,1
json,6856,20001702208,24821698000,none,0,1
json,6859,19999375325,24813404000,none,0,1
json,6873,19998421542,24770393000,none,0,1
json,6860,20001092255,24754067000,none,0,1
json,19186,160020336452,188337366000,none,0,8
json,19158,160017265268,188089667000,none,0,8
json,19164,160011384004,187438387000,none,0,8
json,18979,160009030180,188925959000,none,0,8
json,19161,160017336398,187059208000,none,0,8
json,19043,160011500945,187868381000,none,0,8
json,19144,160015264248,187179446000,none,0,8
json,19106,160017987191,188113334000,none,0,8
json,19147,160028937507,187230146000,none,0,8
json,19149,160030706963,187249601000,none,0,8
json,6621,19998476342,27724447000,cpu,41780,1
json,6629,20002019877,27949834000,cpu,40723,1
json,6652,20000720743,27869706000,cpu,41977,1
json,6644,19999634415,27768940000,cpu,41268,1
json,6648,19999025809,27741991000,cpu,41198,1
json,6651,20000803924,27760502000,cpu,41606,1
json,6623,20001146361,27718153000,cpu,42153,1
json,6622,20000100698,27858622000,cpu,41281,1
json,6633,20001141534,27656253000,cpu,42135,1
json,6639,19999911386,27862537000,cpu,41053,1
json,24337,160011488926,183486864000,cpu,84400,8
json,24117,160007072984,185166149000,cpu,83019,8
json,24330,160013824941,183143136000,cpu,83323,8
json,24292,159996912937,183651245000,cpu,83104,8
json,24269,160015332901,182955466000,cpu,83934,8
json,24253,160019540496,183673020000,cpu,83250,8
json,24321,160014479060,183386827000,cpu,82547,8
json,24083,160005144013,186142054000,cpu,85654,8
json,24357,160016546077,182943878000,cpu,83683,8
json,24273,160017136292,183544441000,cpu,84086,8
